Model,R2,MAE,RMSE,MAPE
Linear Regression,-5.108627981243196,39490.503797990044,47149.27607414849,12.994590743076154
Random Forest Regressor,-1.0175740920547187,24839.978183333256,27096.795682110063,7.680237372722389
