Model,R2,MAE,RMSE,MAPE
Linear Regression,0.9318740616702852,15292.084600098722,15986.645427436684,1.4174313033248218
Random Forest Regressor,-34.76434443352665,360938.0462100006,366290.98369122075,32.58102269342103
