Segment,SegmentLabel,Count,AvgAnnualIncome,AvgSpendingScore,AvgPurchaseFrequency,AvgOrderValue,AvgTenure,AvgTotalPurchases,RevenueContribution
0,Premium Loyalists,56,96175.14285714286,80.55357142857143,27.267857142857142,194.21839285714285,5.375,330.10714285714283,81.7
1,Budget Shoppers,69,38146.89855072464,30.6231884057971,11.217391304347826,61.75971014492754,1.8840579710144927,74.33333333333333,7.0
2,New High-Value,39,50492.179487179485,35.205128205128204,5.256410256410256,73.19923076923077,4.230769230769231,67.94871794871794,4.3
3,At-Risk Customers,36,75529.27777777778,74.63888888888889,16.75,146.0813888888889,0.6944444444444444,57.80555555555556,7.0
