Segment,SegmentLabel,Count,AvgAnnualIncome,AvgSpendingScore,AvgPurchaseFrequency,AvgOrderValue,AvgTenure,AvgTotalPurchases,RevenueContribution
0,Premium Loyalists,108,71969.07407407407,76.9074074074074,17.39814814814815,142.86175925925926,0.6388888888888888,53.81481481481482,6.7
1,Budget Shoppers,136,48634.919117647056,33.5,5.4411764705882355,66.28492647058823,4.3161764705882355,63.375,4.5
2,New High-Value,168,96619.92857142857,80.8452380952381,27.75595238095238,188.6234523809524,5.434523809523809,323.19642857142856,81.7
3,At-Risk Customers,188,38525.11170212766,30.79787234042553,10.813829787234043,59.869680851063826,2.0372340425531914,82.2127659574468,7.2
