Segment,SegmentLabel,Count,AvgRecency,AvgFrequency,AvgMonetary,RevenueContribution
0,Budget Shoppers,3054,42.7026850032744,3.682711198428291,1359.0492838899802,46.6
1,At-Risk,1067,247.0759137769447,1.5520149953139644,480.6174798500469,5.8
2,Premium Loyalists,13,6.384615384615385,82.53846153846153,127338.31384615385,18.6
3,New High-Value,204,14.5,22.333333333333332,12709.090490196078,29.1
